name,family,groups,bound,capacity,typed_io,fixed64_io,contiguous_io,typed_feasible,fixed64_feasible
integer-sum-g2-a7-b17,sum,2,7,34,33,,33,True,False
integer-sum-g2-a7-b24,sum,2,7,48,33,40,33,True,True
integer-sum-g2-a7-b32,sum,2,7,64,33,40,33,True,True
integer-sum-g2-a127-b17,sum,2,127,34,34,,34,True,False
integer-sum-g2-a127-b24,sum,2,127,48,34,40,34,True,True
integer-sum-g2-a127-b32,sum,2,127,64,34,40,34,True,True
integer-sum-g4-a7-b17,sum,4,7,68,129,,129,True,False
integer-sum-g4-a7-b24,sum,4,7,96,129,136,129,True,True
integer-sum-g4-a7-b32,sum,4,7,128,129,136,129,True,True
integer-sum-g4-a127-b17,sum,4,127,68,138,,138,True,False
integer-sum-g4-a127-b24,sum,4,127,96,130,136,130,True,True
integer-sum-g4-a127-b32,sum,4,127,128,130,136,130,True,True
integer-sum-g8-a7-b17,sum,8,7,136,518,,518,True,False
integer-sum-g8-a7-b24,sum,8,7,192,514,552,514,True,True
integer-sum-g8-a7-b32,sum,8,7,256,514,520,514,True,True
integer-sum-g8-a127-b17,sum,8,127,136,554,,554,True,False
integer-sum-g8-a127-b24,sum,8,127,192,514,552,514,True,True
integer-sum-g8-a127-b32,sum,8,127,256,514,520,514,True,True
integer-dot-g2-a7-b17,dot,2,7,34,70,,70,True,False
integer-dot-g2-a7-b24,dot,2,7,48,66,104,66,True,True
integer-dot-g2-a7-b32,dot,2,7,64,66,72,66,True,True
integer-dot-g2-a127-b17,dot,2,127,34,,,,False,False
integer-dot-g2-a127-b24,dot,2,127,48,68,104,68,True,True
integer-dot-g2-a127-b32,dot,2,127,64,68,72,68,True,True
integer-dot-g4-a7-b17,dot,4,7,68,282,,282,True,False
integer-dot-g4-a7-b24,dot,4,7,96,258,424,258,True,True
integer-dot-g4-a7-b32,dot,4,7,128,258,296,258,True,True
integer-dot-g4-a127-b17,dot,4,127,68,,,,False,False
integer-dot-g4-a127-b24,dot,4,127,96,260,424,260,True,True
integer-dot-g4-a127-b32,dot,4,127,128,260,296,260,True,True
integer-dot-g8-a7-b17,dot,8,7,136,1130,,1130,True,False
integer-dot-g8-a7-b24,dot,8,7,192,1026,1704,1026,True,True
integer-dot-g8-a7-b32,dot,8,7,256,1026,1192,1026,True,True
integer-dot-g8-a127-b17,dot,8,127,136,,,,False,False
integer-dot-g8-a127-b24,dot,8,127,192,1028,1704,1028,True,True
integer-dot-g8-a127-b32,dot,8,127,256,1028,1192,1028,True,True
integer-abs-g2-a7-b17,abs,2,7,34,69,,69,True,False
integer-abs-g2-a7-b24,abs,2,7,48,65,104,65,True,True
integer-abs-g2-a7-b32,abs,2,7,64,65,72,65,True,True
integer-abs-g2-a127-b17,abs,2,127,34,,,,False,False
integer-abs-g2-a127-b24,abs,2,127,48,66,104,66,True,True
integer-abs-g2-a127-b32,abs,2,127,64,66,72,66,True,True
integer-abs-g4-a7-b17,abs,4,7,68,278,,278,True,False
integer-abs-g4-a7-b24,abs,4,7,96,258,424,258,True,True
integer-abs-g4-a7-b32,abs,4,7,128,258,296,258,True,True
integer-abs-g4-a127-b17,abs,4,127,68,,,,False,False
integer-abs-g4-a127-b24,abs,4,127,96,258,424,258,True,True
integer-abs-g4-a127-b32,abs,4,127,128,258,296,258,True,True
integer-abs-g8-a7-b17,abs,8,7,136,1114,,1114,True,False
integer-abs-g8-a7-b24,abs,8,7,192,1026,1704,1026,True,True
integer-abs-g8-a7-b32,abs,8,7,256,1026,1192,1026,True,True
integer-abs-g8-a127-b17,abs,8,127,136,,,,False,False
integer-abs-g8-a127-b24,abs,8,127,192,1026,1704,1026,True,True
integer-abs-g8-a127-b32,abs,8,127,256,1026,1192,1026,True,True
