key,year,title,identifier,manuscript_role,verification_basis,checked_on,status,notes
appel1987,1987,Generalizations of the {Sethi--Ullman} Algorithm for Register Allocation,10.1002/spe.4380170607,weighted/generalized expression-tree ordering,complete primary-source text and bibliographic record checked,2026-09-19,retained and cited,
bhattacharjee2025,2025,Dataflow-Specific Algorithms for Resource-Constrained Scheduling and Memory Design,10.1145/3694906.3743342,anchor WRBPG model and printed tree recurrence,complete primary-source text and bibliographic record checked,2026-09-19,retained and cited,"Exact model, Eq. (6), Eq. (7), Lemma 3.7 and Theorem 3.8 rechecked."
chen2016,2016,Training Deep Nets with Sublinear Memory Cost,10.48550/arXiv.1604.06174,checkpointing/rematerialization,publisher/proceedings/archive identifier and manuscript citation role checked,2026-09-19,retained and cited,
chiang2017,2017,Rigorous Floating-Point Mixed-Precision Tuning,10.1145/3009837.3009846,rigorous mixed-precision tuning,publisher/proceedings/archive identifier and manuscript citation role checked,2026-09-19,retained and cited,
darulova2018,2018,Sound Mixed-Precision Optimization with Rewriting,10.1109/ICCPS.2018.00028,sound mixed-precision rewriting,publisher/proceedings/archive identifier and manuscript citation role checked,2026-09-19,retained and cited,
demaine2018,2018,Red-Blue Pebble Game: Complexity of Computing the Trade-Off between Cache Size and Memory Transfers,10.1145/3210377.3210387,general red-blue complexity boundary,complete primary-source text and bibliographic record checked,2026-09-19,retained and cited,
diouf2013,2013,A Decoupled Local Memory Allocator,10.1145/2400682.2400693,local-memory allocation/placement boundary,publisher/proceedings/archive identifier and manuscript citation role checked,2026-09-19,retained and cited,
eldstal2020,2020,{MemSZ}: Squeezing Memory Traffic with Lossy Compression,10.1145/3424668,lossy memory compression boundary,publisher/proceedings/archive identifier and manuscript citation role checked,2026-09-19,retained and cited,
elango2015,2015,On Characterizing the Data Access Complexity of Programs,10.1145/2676726.2677010,program data-access lower bounds,publisher/proceedings/archive identifier and manuscript citation role checked,2026-09-19,retained and cited,
garey1979,1979,Computers and Intractability: A Guide to the Theory of NP-Completeness,978-0-7167-1045-5,PARTITION and NP-completeness source,publisher/proceedings/archive identifier and manuscript citation role checked,2026-09-19,retained and cited,Book identified by ISBN; used only for PARTITION/complexity terminology.
gleinig2022,2022,The Red-Blue Pebble Game on Trees and {DAG}s with Large Input,10.1007/978-3-031-09993-9_8,tree/DAG red-blue pebbling with large inputs,complete primary-source text and bibliographic record checked,2026-09-19,retained and cited,
hong1981,1981,{I/O} Complexity: The Red-Blue Pebble Game,10.1145/800076.802486,foundational red-blue I/O model,complete primary-source text and bibliographic record checked,2026-09-19,retained and cited,
jain2020,2020,Checkmate: Breaking the Memory Wall with Optimal Tensor Rematerialization,https://proceedings.mlsys.org/paper_files/paper/2020/hash/0b816ae8f06f8dd3543dc3d9ef196cab-Abstract.html,optimization-based tensor rematerialization,"official MLSys proceedings abstract, PDF title page, and bibliographic record checked",2026-09-19,retained and cited,"Corrected a stale wrong-hash proceedings URL during final audit; title, byline, volume, pages, and the official 0b816ae8 record agree."
jin2023,2023,New Tools for Peak Memory Scheduling,10.48550/arXiv.2312.13526,fixed-weight peak-memory scheduling,complete primary-source text and bibliographic record checked,2026-09-19,retained and cited,
kim2018,2018,{CODA}: Enabling Co-location of Computation and Data for Multiple {GPU} Systems,10.1145/3232521,GPU data placement/scheduling context,publisher/proceedings/archive identifier and manuscript citation role checked,2026-09-19,retained and cited,
kirisame2021,2021,Dynamic Tensor Rematerialization,https://openreview.net/forum?id=Vfs_2RnOD0H,online tensor rematerialization,publisher/proceedings/archive identifier and manuscript citation role checked,2026-09-19,retained and cited,
kumar2019,2019,Efficient Rematerialization for Deep Networks,10.5555/3454287.3455646,deep-network rematerialization,publisher/proceedings/archive identifier and manuscript citation role checked,2026-09-19,retained and cited,
kusumoto2019,2019,A Graph Theoretic Framework of Recomputation Algorithms for Memory-Efficient Backpropagation,https://proceedings.neurips.cc/paper/2019/hash/e555ebe0ce426f7f9b2bef0706315e0c-Abstract.html,graph-theoretic recomputation,publisher/proceedings/archive identifier and manuscript citation role checked,2026-09-19,retained and cited,
lam2011,2011,Memory-Optimal Evaluation of Expression Trees Involving Large Objects,10.1016/j.cl.2010.09.003,large-object expression-tree evaluation,complete primary-source text and bibliographic record checked,2026-09-19,retained and cited,
li2009,2009,Compiler-Directed Scratchpad Memory Management via Graph Coloring,10.1145/1582710.1582711,scratchpad allocation/placement,publisher/proceedings/archive identifier and manuscript citation role checked,2026-09-19,retained and cited,
liu1987,1987,An Application of Generalized Tree Pebbling to Sparse Matrix Factorization,10.1137/0608031,generalized tree pebbling in sparse factorization,complete primary-source text and bibliographic record checked,2026-09-19,retained and cited,
nandivada2013,2013,Improved Bitwidth-Aware Variable Packing,10.1145/2509420.2509427,bitwidth-aware allocation,publisher/proceedings/archive identifier and manuscript citation role checked,2026-09-19,retained and cited,
papp2020,2020,On the Hardness of Red-Blue Pebble Games,10.1145/3350755.3400278,red-blue hardness,publisher/proceedings/archive identifier and manuscript citation role checked,2026-09-19,retained and cited,
papp2025,2025,The Impact of Partial Computations on the Red-Blue Pebble Game,10.1145/3694906.3743320,partial-computation move boundary; May 2026 corrigendum,complete primary-source text and bibliographic record checked,2026-09-19,retained and cited,Used together with the corrigendum issued May 2026.
rubio2013,2013,Precimonious: Tuning Assistant for Floating-Point Precision,10.1145/2503210.2503296,floating-point precision tuning,publisher/proceedings/archive identifier and manuscript citation role checked,2026-09-19,retained and cited,
sethi1970,1970,The Generation of Optimal Code for Arithmetic Expressions,10.1145/321607.321620,foundational expression-tree ordering,complete primary-source text and bibliographic record checked,2026-09-19,retained and cited,
sobczyk2026,2026,{I/O} Complexity and Pebble Games with Partial Computations,10.1016/j.ipl.2026.106637,partial-computation I/O complexity,complete primary-source text and bibliographic record checked,2026-09-19,retained and cited,
stephenson2000,2000,Bitwidth Analysis with Application to Silicon Compilation,10.1145/349299.349317,bitwidth analysis,publisher/proceedings/archive identifier and manuscript citation role checked,2026-09-19,retained and cited,
vitter2001,2001,External Memory Algorithms and Data Structures: Dealing with Massive Data,10.1145/384192.384193,external-memory model context,publisher/proceedings/archive identifier and manuscript citation role checked,2026-09-19,retained and cited,
yu2018,2018,Improving Thread-Level Parallelism in {GPU}s Through Expanding Register File to Scratchpad Memory,10.1145/3280849,GPU register/scratchpad mechanism context,publisher/proceedings/archive identifier and manuscript citation role checked,2026-09-19,retained and cited,
zhang2026chorus,2026,Global Scheduling of Transient Parameter Materialization for Sharded Training,10.1145/3838601,closest current system for joint materialization timing and retention under memory headroom,"official ACM TACO record, volume table of contents, and author publication record checked",2026-09-19,retained and cited,Published online 6 August 2026 as TACO article 127; its sharded-training whole-iteration MIP/runtime setting differs from exact weighted I/O on typed unique-consumer trees.
