key,title,year,venue,identifier,occurrences,sections,documented_purpose,verification_status,first_context
appel1987,Generalizations of the Sethi--Ullman Algorithm for Register Allocation,1987,Software: Practice and Experience,10.1002/spe.4380170607,1,"Pebbling, lower bounds, and tree schedules",weighted/generalized expression-tree ordering,retained and cited,"The red--blue game models communication between bounded fast and unbounded slow memory~\cite{hong1981}; external-memory algorithms give the broader block-transfer setting~\cite{vitter2001}, and decomposition methods derive program data-access lower bounds~\cite{elango2015}. General pebbling optimization is hard~\cite{demaine2018,papp2020}, whereas restricted tree and large-input cases have more structure~\cite{gleinig2022}. We likewise require a unique-consumer in-tree, atomic computation, whole-value transfers, and allocation contraction. Expression-tree methods optimize child order under register constraints~\cite{sethi1970}, including multiregister values and varying arity~\cite{appel1987}; related tree pebbling appears in sparse factorization~\cite{liu1987}. Large-object trees can require interleaving and memory-profile composition~\cite{lam2011}, while dominant-schedule methods address fixed-weight peak memory on broader graphs~\cite{jin2023}. Our state instead chooses representat"
bhattacharjee2025,Dataflow-Specific Algorithms for Resource-Constrained Scheduling and Memory Design,2025,Proceedings of the 37th ACM Symposium on Parallelism in Algorithms and Architectures,10.1145/3694906.3743342,3,"Introduction | Pebbling, lower bounds, and tree schedules | The omitted scheduling choice",anchor WRBPG model and printed tree recurrence,retained and cited,"For example, a compiler can certify which input and output widths preserve a vector reduction's integer result, yet still needs a memory-bounded schedule. Choosing widths before scheduling can miss the best joint decision. Even with fixed widths, completing each logical child before beginning another is a restriction whose optimality must be justified. The distinction matters for weighted pebbling. Red-blue pebbling models transfers between a bounded fast memory and an unbounded slow memory~\cite{hong1981}. Recent weighted dataflow scheduling assigns different resource costs to values~\cite{bhattacharjee2025}. A natural tree recurrence chooses a child order and decides whether to retain or spill each finished child. However, a useful schedule can prepare a \emph{proper descendant} of one child, spill that value, evaluate a sibling, and return to the first child. Such a schedule is not described by a permutation of complete logical subtrees. Precision indexing alone cannot repair that o"
chen2016,Training Deep Nets with Sublinear Memory Cost,2016,,10.48550/arXiv.1604.06174,1,Rematerialization and representation selection,checkpointing/rematerialization,retained and cited," \subsection{Rematerialization and representation selection} Tensor rematerialization trades recomputation for memory on general graphs through checkpointing, graph algorithms, optimization, or online eviction~\cite{chen2016,kumar2019,kusumoto2019,jain2020,kirisame2021}. Chorus jointly schedules parameter materialization and retention under varying headroom~\cite{zhang2026chorus}. Our ancestry lemma applies only to pure unique-consumer trees; it subsumes neither DAG rematerialization nor training systems. Bitwidth and mixed-precision tools select numerical representations under semantic or error contracts~\cite{stephenson2000,rubio2013,chiang2017,darulova2018}; bitwidth-aware packing changes allocation by subword coalescing~\cite{nandivada2013}. We accept legal recipes and whole-value allocations, then optimize scheduling. The integer study does not infer floating-point accuracy, synthesize datapaths, or model free packing."
chiang2017,Rigorous Floating-Point Mixed-Precision Tuning,2017,Proceedings of the 44th ACM SIGPLAN Symposium on Principles of Programming Languages,10.1145/3009837.3009846,1,Rematerialization and representation selection,rigorous mixed-precision tuning,retained and cited,"Tensor rematerialization trades recomputation for memory on general graphs through checkpointing, graph algorithms, optimization, or online eviction~\cite{chen2016,kumar2019,kusumoto2019,jain2020,kirisame2021}. Chorus jointly schedules parameter materialization and retention under varying headroom~\cite{zhang2026chorus}. Our ancestry lemma applies only to pure unique-consumer trees; it subsumes neither DAG rematerialization nor training systems. Bitwidth and mixed-precision tools select numerical representations under semantic or error contracts~\cite{stephenson2000,rubio2013,chiang2017,darulova2018}; bitwidth-aware packing changes allocation by subword coalescing~\cite{nandivada2013}. We accept legal recipes and whole-value allocations, then optimize scheduling. The integer study does not infer floating-point accuracy, synthesize datapaths, or model free packing. Placement adds constraints absent from aggregate capacity: local-memory allocators separate spill selection from assignment"
darulova2018,Sound Mixed-Precision Optimization with Rewriting,2018,Proceedings of the 9th ACM/IEEE International Conference on Cyber-Physical Systems,10.1109/ICCPS.2018.00028,1,Rematerialization and representation selection,sound mixed-precision rewriting,retained and cited,"Tensor rematerialization trades recomputation for memory on general graphs through checkpointing, graph algorithms, optimization, or online eviction~\cite{chen2016,kumar2019,kusumoto2019,jain2020,kirisame2021}. Chorus jointly schedules parameter materialization and retention under varying headroom~\cite{zhang2026chorus}. Our ancestry lemma applies only to pure unique-consumer trees; it subsumes neither DAG rematerialization nor training systems. Bitwidth and mixed-precision tools select numerical representations under semantic or error contracts~\cite{stephenson2000,rubio2013,chiang2017,darulova2018}; bitwidth-aware packing changes allocation by subword coalescing~\cite{nandivada2013}. We accept legal recipes and whole-value allocations, then optimize scheduling. The integer study does not infer floating-point accuracy, synthesize datapaths, or model free packing. Placement adds constraints absent from aggregate capacity: local-memory allocators separate spill selection from assignment"
demaine2018,Red-Blue Pebble Game: Complexity of Computing the Trade-Off between Cache Size and Memory Transfers,2018,Proceedings of the 30th ACM Symposium on Parallelism in Algorithms and Architectures,10.1145/3210377.3210387,1,"Pebbling, lower bounds, and tree schedules",general red-blue complexity boundary,retained and cited,"\section{Related Optimization Problems and Scope}\label{sec:related} \subsection{Pebbling, lower bounds, and tree schedules} The red--blue game models communication between bounded fast and unbounded slow memory~\cite{hong1981}; external-memory algorithms give the broader block-transfer setting~\cite{vitter2001}, and decomposition methods derive program data-access lower bounds~\cite{elango2015}. General pebbling optimization is hard~\cite{demaine2018,papp2020}, whereas restricted tree and large-input cases have more structure~\cite{gleinig2022}. We likewise require a unique-consumer in-tree, atomic computation, whole-value transfers, and allocation contraction. Expression-tree methods optimize child order under register constraints~\cite{sethi1970}, including multiregister values and varying arity~\cite{appel1987}; related tree pebbling appears in sparse factorization~\cite{liu1987}. Large-object trees can require interleaving and memory-profile composition~\cite{lam2011}, while domin"
diouf2013,A Decoupled Local Memory Allocator,2013,ACM Transactions on Architecture and Code Optimization,10.1145/2400682.2400693,1,Rematerialization and representation selection,local-memory allocation/placement boundary,retained and cited,"Bitwidth and mixed-precision tools select numerical representations under semantic or error contracts~\cite{stephenson2000,rubio2013,chiang2017,darulova2018}; bitwidth-aware packing changes allocation by subword coalescing~\cite{nandivada2013}. We accept legal recipes and whole-value allocations, then optimize scheduling. The integer study does not infer floating-point accuracy, synthesize datapaths, or model free packing. Placement adds constraints absent from aggregate capacity: local-memory allocators separate spill selection from assignment~\cite{diouf2013} or color scratchpad objects~\cite{li2009}; GPU mechanisms coordinate registers, buffering, placement, and scheduling~\cite{yu2018,kim2018}. Compression may also trade traffic against error~\cite{eldstal2020}. Our traces certify occupancy and transfers, not addresses, banks, fragmentation, latency, parallelism, energy, or accumulated error. \subsection{Boundaries of the result}"
eldstal2020,MemSZ: Squeezing Memory Traffic with Lossy Compression,2020,ACM Transactions on Architecture and Code Optimization,10.1145/3424668,1,Rematerialization and representation selection,lossy memory compression boundary,retained and cited,"Bitwidth and mixed-precision tools select numerical representations under semantic or error contracts~\cite{stephenson2000,rubio2013,chiang2017,darulova2018}; bitwidth-aware packing changes allocation by subword coalescing~\cite{nandivada2013}. We accept legal recipes and whole-value allocations, then optimize scheduling. The integer study does not infer floating-point accuracy, synthesize datapaths, or model free packing. Placement adds constraints absent from aggregate capacity: local-memory allocators separate spill selection from assignment~\cite{diouf2013} or color scratchpad objects~\cite{li2009}; GPU mechanisms coordinate registers, buffering, placement, and scheduling~\cite{yu2018,kim2018}. Compression may also trade traffic against error~\cite{eldstal2020}. Our traces certify occupancy and transfers, not addresses, banks, fragmentation, latency, parallelism, energy, or accumulated error. \subsection{Boundaries of the result}"
elango2015,On Characterizing the Data Access Complexity of Programs,2015,Proceedings of the 42nd Annual ACM SIGPLAN-SIGACT Symposium on Principles of Programming Languages,10.1145/2676726.2677010,1,"Pebbling, lower bounds, and tree schedules",program data-access lower bounds,retained and cited,"\section{Related Optimization Problems and Scope}\label{sec:related} \subsection{Pebbling, lower bounds, and tree schedules} The red--blue game models communication between bounded fast and unbounded slow memory~\cite{hong1981}; external-memory algorithms give the broader block-transfer setting~\cite{vitter2001}, and decomposition methods derive program data-access lower bounds~\cite{elango2015}. General pebbling optimization is hard~\cite{demaine2018,papp2020}, whereas restricted tree and large-input cases have more structure~\cite{gleinig2022}. We likewise require a unique-consumer in-tree, atomic computation, whole-value transfers, and allocation contraction. Expression-tree methods optimize child order under register constraints~\cite{sethi1970}, including multiregister values and varying arity~\cite{appel1987}; related tree pebbling appears in sparse factorization~\cite{liu1987}. Large-object trees can require interleaving and memory-profile composition~\cite{lam2011}, while domin"
garey1979,Computers and Intractability: A Guide to the Theory of NP-Completeness,1979,W. H. Freeman,978-0-7167-1045-5,1,An instance-wide compulsory floor,PARTITION and NP-completeness source,retained and cited,"\end{theorem} \begin{proof} Reduce from PARTITION on positive integers $a_1,\ldots,a_n$, $n\geq2$, with even sum $S$~\cite{garey1979}. Restricting to even total loses no hardness: doubling every input converts an arbitrary instance to such an instance while preserving its answer. Define, initially in unscaled allocation units, \begin{align} C_1&=3S/2+1,& M&=C_1+1,\nonumber\\"
gleinig2022,The Red-Blue Pebble Game on Trees and DAGs with Large Input,2022,Structural Information and Communication Complexity,10.1007/978-3-031-09993-9_8,1,"Pebbling, lower bounds, and tree schedules",tree/DAG red-blue pebbling with large inputs,retained and cited,"\section{Related Optimization Problems and Scope}\label{sec:related} \subsection{Pebbling, lower bounds, and tree schedules} The red--blue game models communication between bounded fast and unbounded slow memory~\cite{hong1981}; external-memory algorithms give the broader block-transfer setting~\cite{vitter2001}, and decomposition methods derive program data-access lower bounds~\cite{elango2015}. General pebbling optimization is hard~\cite{demaine2018,papp2020}, whereas restricted tree and large-input cases have more structure~\cite{gleinig2022}. We likewise require a unique-consumer in-tree, atomic computation, whole-value transfers, and allocation contraction. Expression-tree methods optimize child order under register constraints~\cite{sethi1970}, including multiregister values and varying arity~\cite{appel1987}; related tree pebbling appears in sparse factorization~\cite{liu1987}. Large-object trees can require interleaving and memory-profile composition~\cite{lam2011}, while domin"
hong1981,I/O Complexity: The Red-Blue Pebble Game,1981,Proceedings of the 13th Annual ACM Symposium on Theory of Computing,10.1145/800076.802486,2,"Introduction | Pebbling, lower bounds, and tree schedules",foundational red-blue I/O model,retained and cited,"For example, a compiler can certify which input and output widths preserve a vector reduction's integer result, yet still needs a memory-bounded schedule. Choosing widths before scheduling can miss the best joint decision. Even with fixed widths, completing each logical child before beginning another is a restriction whose optimality must be justified. The distinction matters for weighted pebbling. Red-blue pebbling models transfers between a bounded fast memory and an unbounded slow memory~\cite{hong1981}. Recent weighted dataflow scheduling assigns different resource costs to values~\cite{bhattacharjee2025}. A natural tree recurrence chooses a child order and decides whether to retain or spill each finished child. However, a useful schedule can prepare a \emph{proper descendant} of one child, spill that value, evaluate a sibling, and return to the first child. Such a schedule is not described by a permutation of complete logical subtrees. Precision indexing alone cannot repair that o"
jain2020,Checkmate: Breaking the Memory Wall with Optimal Tensor Rematerialization,2020,Proceedings of Machine Learning and Systems,https://proceedings.mlsys.org/paper_files/paper/2020/hash/0b816ae8f06f8dd3543dc3d9ef196cab-Abstract.html,1,Rematerialization and representation selection,optimization-based tensor rematerialization,retained and cited," \subsection{Rematerialization and representation selection} Tensor rematerialization trades recomputation for memory on general graphs through checkpointing, graph algorithms, optimization, or online eviction~\cite{chen2016,kumar2019,kusumoto2019,jain2020,kirisame2021}. Chorus jointly schedules parameter materialization and retention under varying headroom~\cite{zhang2026chorus}. Our ancestry lemma applies only to pure unique-consumer trees; it subsumes neither DAG rematerialization nor training systems. Bitwidth and mixed-precision tools select numerical representations under semantic or error contracts~\cite{stephenson2000,rubio2013,chiang2017,darulova2018}; bitwidth-aware packing changes allocation by subword coalescing~\cite{nandivada2013}. We accept legal recipes and whole-value allocations, then optimize scheduling. The integer study does not infer floating-point accuracy, synthesize datapaths, or model free packing."
jin2023,New Tools for Peak Memory Scheduling,2023,,10.48550/arXiv.2312.13526,1,"Pebbling, lower bounds, and tree schedules",fixed-weight peak-memory scheduling,retained and cited,"The red--blue game models communication between bounded fast and unbounded slow memory~\cite{hong1981}; external-memory algorithms give the broader block-transfer setting~\cite{vitter2001}, and decomposition methods derive program data-access lower bounds~\cite{elango2015}. General pebbling optimization is hard~\cite{demaine2018,papp2020}, whereas restricted tree and large-input cases have more structure~\cite{gleinig2022}. We likewise require a unique-consumer in-tree, atomic computation, whole-value transfers, and allocation contraction. Expression-tree methods optimize child order under register constraints~\cite{sethi1970}, including multiregister values and varying arity~\cite{appel1987}; related tree pebbling appears in sparse factorization~\cite{liu1987}. Large-object trees can require interleaving and memory-profile composition~\cite{lam2011}, while dominant-schedule methods address fixed-weight peak memory on broader graphs~\cite{jin2023}. Our state instead chooses representat"
kim2018,CODA: Enabling Co-location of Computation and Data for Multiple GPU Systems,2018,ACM Transactions on Architecture and Code Optimization,10.1145/3232521,1,Rematerialization and representation selection,GPU data placement/scheduling context,retained and cited,"Bitwidth and mixed-precision tools select numerical representations under semantic or error contracts~\cite{stephenson2000,rubio2013,chiang2017,darulova2018}; bitwidth-aware packing changes allocation by subword coalescing~\cite{nandivada2013}. We accept legal recipes and whole-value allocations, then optimize scheduling. The integer study does not infer floating-point accuracy, synthesize datapaths, or model free packing. Placement adds constraints absent from aggregate capacity: local-memory allocators separate spill selection from assignment~\cite{diouf2013} or color scratchpad objects~\cite{li2009}; GPU mechanisms coordinate registers, buffering, placement, and scheduling~\cite{yu2018,kim2018}. Compression may also trade traffic against error~\cite{eldstal2020}. Our traces certify occupancy and transfers, not addresses, banks, fragmentation, latency, parallelism, energy, or accumulated error. \subsection{Boundaries of the result}"
kirisame2021,Dynamic Tensor Rematerialization,2021,International Conference on Learning Representations,https://openreview.net/forum?id=Vfs_2RnOD0H,1,Rematerialization and representation selection,online tensor rematerialization,retained and cited," \subsection{Rematerialization and representation selection} Tensor rematerialization trades recomputation for memory on general graphs through checkpointing, graph algorithms, optimization, or online eviction~\cite{chen2016,kumar2019,kusumoto2019,jain2020,kirisame2021}. Chorus jointly schedules parameter materialization and retention under varying headroom~\cite{zhang2026chorus}. Our ancestry lemma applies only to pure unique-consumer trees; it subsumes neither DAG rematerialization nor training systems. Bitwidth and mixed-precision tools select numerical representations under semantic or error contracts~\cite{stephenson2000,rubio2013,chiang2017,darulova2018}; bitwidth-aware packing changes allocation by subword coalescing~\cite{nandivada2013}. We accept legal recipes and whole-value allocations, then optimize scheduling. The integer study does not infer floating-point accuracy, synthesize datapaths, or model free packing."
kumar2019,Efficient Rematerialization for Deep Networks,2019,Advances in Neural Information Processing Systems,10.5555/3454287.3455646,1,Rematerialization and representation selection,deep-network rematerialization,retained and cited," \subsection{Rematerialization and representation selection} Tensor rematerialization trades recomputation for memory on general graphs through checkpointing, graph algorithms, optimization, or online eviction~\cite{chen2016,kumar2019,kusumoto2019,jain2020,kirisame2021}. Chorus jointly schedules parameter materialization and retention under varying headroom~\cite{zhang2026chorus}. Our ancestry lemma applies only to pure unique-consumer trees; it subsumes neither DAG rematerialization nor training systems. Bitwidth and mixed-precision tools select numerical representations under semantic or error contracts~\cite{stephenson2000,rubio2013,chiang2017,darulova2018}; bitwidth-aware packing changes allocation by subword coalescing~\cite{nandivada2013}. We accept legal recipes and whole-value allocations, then optimize scheduling. The integer study does not infer floating-point accuracy, synthesize datapaths, or model free packing."
kusumoto2019,A Graph Theoretic Framework of Recomputation Algorithms for Memory-Efficient Backpropagation,2019,Advances in Neural Information Processing Systems,https://proceedings.neurips.cc/paper/2019/hash/e555ebe0ce426f7f9b2bef0706315e0c-Abstract.html,1,Rematerialization and representation selection,graph-theoretic recomputation,retained and cited," \subsection{Rematerialization and representation selection} Tensor rematerialization trades recomputation for memory on general graphs through checkpointing, graph algorithms, optimization, or online eviction~\cite{chen2016,kumar2019,kusumoto2019,jain2020,kirisame2021}. Chorus jointly schedules parameter materialization and retention under varying headroom~\cite{zhang2026chorus}. Our ancestry lemma applies only to pure unique-consumer trees; it subsumes neither DAG rematerialization nor training systems. Bitwidth and mixed-precision tools select numerical representations under semantic or error contracts~\cite{stephenson2000,rubio2013,chiang2017,darulova2018}; bitwidth-aware packing changes allocation by subword coalescing~\cite{nandivada2013}. We accept legal recipes and whole-value allocations, then optimize scheduling. The integer study does not infer floating-point accuracy, synthesize datapaths, or model free packing."
lam2011,Memory-Optimal Evaluation of Expression Trees Involving Large Objects,2011,"Computer Languages, Systems \& Structures",10.1016/j.cl.2010.09.003,1,"Pebbling, lower bounds, and tree schedules",large-object expression-tree evaluation,retained and cited,"The red--blue game models communication between bounded fast and unbounded slow memory~\cite{hong1981}; external-memory algorithms give the broader block-transfer setting~\cite{vitter2001}, and decomposition methods derive program data-access lower bounds~\cite{elango2015}. General pebbling optimization is hard~\cite{demaine2018,papp2020}, whereas restricted tree and large-input cases have more structure~\cite{gleinig2022}. We likewise require a unique-consumer in-tree, atomic computation, whole-value transfers, and allocation contraction. Expression-tree methods optimize child order under register constraints~\cite{sethi1970}, including multiregister values and varying arity~\cite{appel1987}; related tree pebbling appears in sparse factorization~\cite{liu1987}. Large-object trees can require interleaving and memory-profile composition~\cite{lam2011}, while dominant-schedule methods address fixed-weight peak memory on broader graphs~\cite{jin2023}. Our state instead chooses representat"
li2009,Compiler-Directed Scratchpad Memory Management via Graph Coloring,2009,ACM Transactions on Architecture and Code Optimization,10.1145/1582710.1582711,1,Rematerialization and representation selection,scratchpad allocation/placement,retained and cited,"Bitwidth and mixed-precision tools select numerical representations under semantic or error contracts~\cite{stephenson2000,rubio2013,chiang2017,darulova2018}; bitwidth-aware packing changes allocation by subword coalescing~\cite{nandivada2013}. We accept legal recipes and whole-value allocations, then optimize scheduling. The integer study does not infer floating-point accuracy, synthesize datapaths, or model free packing. Placement adds constraints absent from aggregate capacity: local-memory allocators separate spill selection from assignment~\cite{diouf2013} or color scratchpad objects~\cite{li2009}; GPU mechanisms coordinate registers, buffering, placement, and scheduling~\cite{yu2018,kim2018}. Compression may also trade traffic against error~\cite{eldstal2020}. Our traces certify occupancy and transfers, not addresses, banks, fragmentation, latency, parallelism, energy, or accumulated error. \subsection{Boundaries of the result}"
liu1987,An Application of Generalized Tree Pebbling to Sparse Matrix Factorization,1987,SIAM Journal on Algebraic and Discrete Methods,10.1137/0608031,1,"Pebbling, lower bounds, and tree schedules",generalized tree pebbling in sparse factorization,retained and cited,"The red--blue game models communication between bounded fast and unbounded slow memory~\cite{hong1981}; external-memory algorithms give the broader block-transfer setting~\cite{vitter2001}, and decomposition methods derive program data-access lower bounds~\cite{elango2015}. General pebbling optimization is hard~\cite{demaine2018,papp2020}, whereas restricted tree and large-input cases have more structure~\cite{gleinig2022}. We likewise require a unique-consumer in-tree, atomic computation, whole-value transfers, and allocation contraction. Expression-tree methods optimize child order under register constraints~\cite{sethi1970}, including multiregister values and varying arity~\cite{appel1987}; related tree pebbling appears in sparse factorization~\cite{liu1987}. Large-object trees can require interleaving and memory-profile composition~\cite{lam2011}, while dominant-schedule methods address fixed-weight peak memory on broader graphs~\cite{jin2023}. Our state instead chooses representat"
nandivada2013,Improved Bitwidth-Aware Variable Packing,2013,ACM Transactions on Architecture and Code Optimization,10.1145/2509420.2509427,1,Rematerialization and representation selection,bitwidth-aware allocation,retained and cited,"Tensor rematerialization trades recomputation for memory on general graphs through checkpointing, graph algorithms, optimization, or online eviction~\cite{chen2016,kumar2019,kusumoto2019,jain2020,kirisame2021}. Chorus jointly schedules parameter materialization and retention under varying headroom~\cite{zhang2026chorus}. Our ancestry lemma applies only to pure unique-consumer trees; it subsumes neither DAG rematerialization nor training systems. Bitwidth and mixed-precision tools select numerical representations under semantic or error contracts~\cite{stephenson2000,rubio2013,chiang2017,darulova2018}; bitwidth-aware packing changes allocation by subword coalescing~\cite{nandivada2013}. We accept legal recipes and whole-value allocations, then optimize scheduling. The integer study does not infer floating-point accuracy, synthesize datapaths, or model free packing. Placement adds constraints absent from aggregate capacity: local-memory allocators separate spill selection from assignment"
papp2020,On the Hardness of Red-Blue Pebble Games,2020,Proceedings of the 32nd ACM Symposium on Parallelism in Algorithms and Architectures,10.1145/3350755.3400278,1,"Pebbling, lower bounds, and tree schedules",red-blue hardness,retained and cited,"\section{Related Optimization Problems and Scope}\label{sec:related} \subsection{Pebbling, lower bounds, and tree schedules} The red--blue game models communication between bounded fast and unbounded slow memory~\cite{hong1981}; external-memory algorithms give the broader block-transfer setting~\cite{vitter2001}, and decomposition methods derive program data-access lower bounds~\cite{elango2015}. General pebbling optimization is hard~\cite{demaine2018,papp2020}, whereas restricted tree and large-input cases have more structure~\cite{gleinig2022}. We likewise require a unique-consumer in-tree, atomic computation, whole-value transfers, and allocation contraction. Expression-tree methods optimize child order under register constraints~\cite{sethi1970}, including multiregister values and varying arity~\cite{appel1987}; related tree pebbling appears in sparse factorization~\cite{liu1987}. Large-object trees can require interleaving and memory-profile composition~\cite{lam2011}, while domin"
papp2025,The Impact of Partial Computations on the Red-Blue Pebble Game,2025,Proceedings of the 37th ACM Symposium on Parallelism in Algorithms and Architectures,10.1145/3694906.3743320,1,"Pebbling, lower bounds, and tree schedules",partial-computation move boundary; May 2026 corrigendum,retained and cited,"Bhattacharjee et al. define the Weighted Red--Blue Pebble Game and a complete-child tree recurrence~\cite{bhattacharjee2025}. Section~\ref{sec:separation} gives a fixed-weight family with unrestricted cost $23t$, while a literal implementation of their Eq.~(6), including the root store, returns $25t$. This corrects that general-tree optimality scope as stated, without challenging their DWT-specific construction, selected tilings, or measurements. Partial computation changes the move system. Papp et al. study its impact~\cite{papp2025}; we use the record together with its May 2026 corrigendum. Sobczyk develops corresponding I/O bounds~\cite{sobczyk2026}. We instead require all operands and a fresh output simultaneously; incremental consumption, overwrite, or overlap can remove our footprint barriers. \subsection{Rematerialization and representation selection}"
rubio2013,Precimonious: Tuning Assistant for Floating-Point Precision,2013,"Proceedings of the International Conference for High Performance Computing, Networking, Storage and Analysis",10.1145/2503210.2503296,1,Rematerialization and representation selection,floating-point precision tuning,retained and cited,"Tensor rematerialization trades recomputation for memory on general graphs through checkpointing, graph algorithms, optimization, or online eviction~\cite{chen2016,kumar2019,kusumoto2019,jain2020,kirisame2021}. Chorus jointly schedules parameter materialization and retention under varying headroom~\cite{zhang2026chorus}. Our ancestry lemma applies only to pure unique-consumer trees; it subsumes neither DAG rematerialization nor training systems. Bitwidth and mixed-precision tools select numerical representations under semantic or error contracts~\cite{stephenson2000,rubio2013,chiang2017,darulova2018}; bitwidth-aware packing changes allocation by subword coalescing~\cite{nandivada2013}. We accept legal recipes and whole-value allocations, then optimize scheduling. The integer study does not infer floating-point accuracy, synthesize datapaths, or model free packing. Placement adds constraints absent from aggregate capacity: local-memory allocators separate spill selection from assignment"
sethi1970,The Generation of Optimal Code for Arithmetic Expressions,1970,Journal of the ACM,10.1145/321607.321620,1,"Pebbling, lower bounds, and tree schedules",foundational expression-tree ordering,retained and cited,"The red--blue game models communication between bounded fast and unbounded slow memory~\cite{hong1981}; external-memory algorithms give the broader block-transfer setting~\cite{vitter2001}, and decomposition methods derive program data-access lower bounds~\cite{elango2015}. General pebbling optimization is hard~\cite{demaine2018,papp2020}, whereas restricted tree and large-input cases have more structure~\cite{gleinig2022}. We likewise require a unique-consumer in-tree, atomic computation, whole-value transfers, and allocation contraction. Expression-tree methods optimize child order under register constraints~\cite{sethi1970}, including multiregister values and varying arity~\cite{appel1987}; related tree pebbling appears in sparse factorization~\cite{liu1987}. Large-object trees can require interleaving and memory-profile composition~\cite{lam2011}, while dominant-schedule methods address fixed-weight peak memory on broader graphs~\cite{jin2023}. Our state instead chooses representat"
sobczyk2026,I/O Complexity and Pebble Games with Partial Computations,2026,Information Processing Letters,10.1016/j.ipl.2026.106637,1,"Pebbling, lower bounds, and tree schedules",partial-computation I/O complexity,retained and cited,"Bhattacharjee et al. define the Weighted Red--Blue Pebble Game and a complete-child tree recurrence~\cite{bhattacharjee2025}. Section~\ref{sec:separation} gives a fixed-weight family with unrestricted cost $23t$, while a literal implementation of their Eq.~(6), including the root store, returns $25t$. This corrects that general-tree optimality scope as stated, without challenging their DWT-specific construction, selected tilings, or measurements. Partial computation changes the move system. Papp et al. study its impact~\cite{papp2025}; we use the record together with its May 2026 corrigendum. Sobczyk develops corresponding I/O bounds~\cite{sobczyk2026}. We instead require all operands and a fresh output simultaneously; incremental consumption, overwrite, or overlap can remove our footprint barriers. \subsection{Rematerialization and representation selection}"
stephenson2000,Bitwidth Analysis with Application to Silicon Compilation,2000,Proceedings of the ACM SIGPLAN Conference on Programming Language Design and Implementation,10.1145/349299.349317,1,Rematerialization and representation selection,bitwidth analysis,retained and cited,"Tensor rematerialization trades recomputation for memory on general graphs through checkpointing, graph algorithms, optimization, or online eviction~\cite{chen2016,kumar2019,kusumoto2019,jain2020,kirisame2021}. Chorus jointly schedules parameter materialization and retention under varying headroom~\cite{zhang2026chorus}. Our ancestry lemma applies only to pure unique-consumer trees; it subsumes neither DAG rematerialization nor training systems. Bitwidth and mixed-precision tools select numerical representations under semantic or error contracts~\cite{stephenson2000,rubio2013,chiang2017,darulova2018}; bitwidth-aware packing changes allocation by subword coalescing~\cite{nandivada2013}. We accept legal recipes and whole-value allocations, then optimize scheduling. The integer study does not infer floating-point accuracy, synthesize datapaths, or model free packing. Placement adds constraints absent from aggregate capacity: local-memory allocators separate spill selection from assignment"
vitter2001,External Memory Algorithms and Data Structures: Dealing with Massive Data,2001,ACM Computing Surveys,10.1145/384192.384193,1,"Pebbling, lower bounds, and tree schedules",external-memory model context,retained and cited,"\section{Related Optimization Problems and Scope}\label{sec:related} \subsection{Pebbling, lower bounds, and tree schedules} The red--blue game models communication between bounded fast and unbounded slow memory~\cite{hong1981}; external-memory algorithms give the broader block-transfer setting~\cite{vitter2001}, and decomposition methods derive program data-access lower bounds~\cite{elango2015}. General pebbling optimization is hard~\cite{demaine2018,papp2020}, whereas restricted tree and large-input cases have more structure~\cite{gleinig2022}. We likewise require a unique-consumer in-tree, atomic computation, whole-value transfers, and allocation contraction. Expression-tree methods optimize child order under register constraints~\cite{sethi1970}, including multiregister values and varying arity~\cite{appel1987}; related tree pebbling appears in sparse factorization~\cite{liu1987}. Large-object trees can require interleaving and memory-profile composition~\cite{lam2011}, while domin"
yu2018,Improving Thread-Level Parallelism in GPUs Through Expanding Register File to Scratchpad Memory,2018,ACM Transactions on Architecture and Code Optimization,10.1145/3280849,1,Rematerialization and representation selection,GPU register/scratchpad mechanism context,retained and cited,"Bitwidth and mixed-precision tools select numerical representations under semantic or error contracts~\cite{stephenson2000,rubio2013,chiang2017,darulova2018}; bitwidth-aware packing changes allocation by subword coalescing~\cite{nandivada2013}. We accept legal recipes and whole-value allocations, then optimize scheduling. The integer study does not infer floating-point accuracy, synthesize datapaths, or model free packing. Placement adds constraints absent from aggregate capacity: local-memory allocators separate spill selection from assignment~\cite{diouf2013} or color scratchpad objects~\cite{li2009}; GPU mechanisms coordinate registers, buffering, placement, and scheduling~\cite{yu2018,kim2018}. Compression may also trade traffic against error~\cite{eldstal2020}. Our traces certify occupancy and transfers, not addresses, banks, fragmentation, latency, parallelism, energy, or accumulated error. \subsection{Boundaries of the result}"
zhang2026chorus,Global Scheduling of Transient Parameter Materialization for Sharded Training,2026,ACM Transactions on Architecture and Code Optimization,10.1145/3838601,1,Rematerialization and representation selection,closest current system for joint materialization timing and retention under memory headroom,retained and cited," \subsection{Rematerialization and representation selection} Tensor rematerialization trades recomputation for memory on general graphs through checkpointing, graph algorithms, optimization, or online eviction~\cite{chen2016,kumar2019,kusumoto2019,jain2020,kirisame2021}. Chorus jointly schedules parameter materialization and retention under varying headroom~\cite{zhang2026chorus}. Our ancestry lemma applies only to pure unique-consumer trees; it subsumes neither DAG rematerialization nor training systems. Bitwidth and mixed-precision tools select numerical representations under semantic or error contracts~\cite{stephenson2000,rubio2013,chiang2017,darulova2018}; bitwidth-aware packing changes allocation by subword coalescing~\cite{nandivada2013}. We accept legal recipes and whole-value allocations, then optimize scheduling. The integer study does not infer floating-point accuracy, synthesize datapaths, or model free packing."
