claim_id,manuscript_location,claim,maturity,theorem_or_result,evidence_paths,verification,status,limitations
C01,Abstract; Sec. 3,"Every successful schedule on a pure unique-consumer tree can be normalized to one computation per internal vertex without greater I/O, work, or peak allocation.",proved,Lemma 1,proofs/core.md §2; paper/main.tex Sec. 3,Human proof reviewed against model assumptions,proved,Fails for shared DAGs or stateful operators.
C02,Sec. 3,"For fixed recipes, useful schedules normalize to a spill forest with compulsory source/root transfers and two transfers per spilled internal edge.",proved,Lemma 2,proofs/core.md §3; paper/main.tex Sec. 3,Human proof plus event witnesses,proved,Requires unique consumer and slow-memory persistence.
C03,Sec. 4,Allocation contraction gives a resident-frontier lower bound and permits depth-first serialization inside each spill-free component.,proved,Lemmas 3–4,proofs/core.md §4,Human exchange proof; contractive oracle checks,proved,"Sufficient, not necessary; atomic non-overwriting moves."
C04,Abstract; Sec. 5,The two-capacity recurrence is exact on allocation-contractive instances.,proved + finite-checked,Theorem 5,proofs/core.md §5; src/optimizer.py; src/bellman_checker.py,283 applicable complete-oracle agreements; 361 certificates,proved,Pseudo-polynomial in integer capacity; finite checks do not prove theorem.
C05,Sec. 5,Runtime is pseudo-polynomial in B with bounded structural factors for bounded operand count and finite recipe sets.,proved,Complexity derivation,proofs/core.md §5; paper/main.tex Eq. complexity,Symbolic count checked against implementation loops,proved,Not strongly polynomial when B is binary encoded.
C06,Abstract; Sec. 2 and 5,A ten-node family has unrestricted cost 23t and contiguous cost 25t.,proved + finite-checked,Theorem 6,proofs/core.md §6; instances/campaign/272–279; results/evaluation/cases/272–279,Eight scales plus base 89/91 control,proved,"Separation is designed, not workload prevalence evidence."
C07,Sec. 2,"At t=1, x=8, r=1 the unrestricted/contiguous costs are 89/91.",finite-checked + analytic instance,Theorem 6 specialization,results/evaluation/cases/280-control-separation-89-91.json,Oracle event trace and separately implemented event check,finite-checked,One instance supports the family proof but does not replace it.
C08,Abstract; Sec. 4,"The expansive valley has exact optimum 33, recurrence-policy bound 35 and contiguous cost 49.",finite-checked + counterexample proof,Boundary construction,proofs/core.md §7; results/evaluation/cases/281-control-expansive-valley.json,Complete oracle and event checker,proved,"Shows non-extension, not hardness of every expansive instance."
C09,Abstract; Sec. 6,Attaining the compulsory-transfer floor is NP-complete for the stated expansive affine four-label unary/binary class.,proved,Theorem 7,proofs/core.md §7,Reduction proof; two plumbing controls,proved,"Numerical PARTITION reduction; NP-complete, with no strong-hardness or weak-classification claim."
C10,Sec. 7,All 364 retained records are checked.,measured,Campaign manifest,results/evaluation/manifest.json; results/summary/summary.json,Summary script requires complete manifest,measured,"Constructed coverage set, not a statistical sample."
C11,Abstract; Sec. 7,286 complete configuration searches were obtained.,measured,Campaign summary,results/summary/summary.json,Derived from per-case oracle status,measured,Oracle limited to selected small instances.
C12,Abstract; Sec. 7,All 283 applicable contractive oracle cases agree with the recurrence.,finite-checked,Campaign summary,results/summary/summary.json,Comparison over complete oracle records,finite-checked,Finite evidence only.
C13,Abstract; Sec. 7,361 Bellman certificates pass the separately implemented checker.,finite-checked,Campaign summary,results/summary/summary.json; src/bellman_checker.py,All retained certificates replayed,finite-checked,Implementation separation is not independent authorship.
C14,Sec. 7,Ten fixed corruptions or invalid requests are rejected and three valid objects accepted.,finite-checked,Negative controls,results/controls.json; tools/check_controls.py,"10/10 negative, 3/3 positive",finite-checked,Does not establish checker completeness.
C15,Sec. 7,"Campaign records 255,792 instrumented audit units, 2.642924087 cumulative case-body CPU seconds, 3.231044784 cumulative invocation CPU seconds, and 137,708 KiB maximum externally measured process-tree RSS.",measured,Manifest and external timing,results/summary/summary.json; results/evaluation-time.txt,Direct retained measurements with distinct counter and timing semantics,measured,"Audit units are a partial mixed diagnostic, not a full operation bound; timing and RSS are host-dependent."
C16,Abstract; Sec. 7,Typed exact-integer planning is feasible in 48/54 cases versus 36/54 at fixed 64 bits.,measured,Integer summary,results/summary/summary.json; results/summary/integer-cases.csv,Derived from 54 retained records,measured,Constructed integer trees only.
C17,Sec. 7,Typed planning reduces I/O in all 36 jointly feasible integer cases.,measured,Integer summary,results/summary/summary.json; results/summary/integer-cases.csv,Exact costs compared casewise,measured,"No runtime, energy or accuracy claim."
C18,Abstract; Sec. 7,No integer case gains I/O from preparation over typed contiguity.,measured negative result,Integer summary,results/summary/summary.json; results/summary/integer-cases.csv,Zero preparation improvements among 54 cases,measured,Does not prove preparation never helps practical kernels.
C19,Sec. 7,A clean extraction reproduces all 364 logical records exactly.,rechecked,Replay comparison,results/reproduction.json,Fresh standalone copy; timing/RSS excluded,rechecked,Cross-platform equivalence is not certified.
C20,Related work / scope,"Closest work differs in fixed weights, move semantics, graph direction/objective, placement, or hardware mechanism.",source-supported synthesis,Literature matrix,research-plan.md; paper/references.bib,"Full-paper comparison, identifier audit and current search through 2026-09-19, including the August 2026 Chorus TACO record.",source-supported,"Bounded novelty review, not priority guarantee."
C21,Sec. 2; Related work,The fixed-state Eq. (6) recurrence plus Eq. (7) root store returns 25t on the declared family while legal unrestricted schedules cost 23t.,proved + separately finite-checked,Theorem 6 and primary-source recurrence cross-check,proofs/core.md §8; src/reference_eq6.py; results/reference-equation.json,Primary-source equations/claims inspected; 5/5 literal evaluations; event witnesses checked,proved,Corrects only the printed general k-ary complete-child recurrence scope; no claim about DWT-specific results or measurements.
C22,References; Related work,"The manuscript contains 31 used scholarly references with identifiers or a book ISBN and no missing/unused citation key, duplicate DOI, or bibliography-verification mismatch.",source-audited,Bibliography consistency audit,paper/references.bib; bibliography-verification.csv; results/bibliography-audit.json,31 entries / 31 cited / 31 verification rows / 0 missing / 0 unused / 0 duplicate DOI / 0 verification mismatch / 0 required-field errors,source-supported,Structural/identifier audit and source reading do not constitute exhaustive priority review.
