resource_id,category,title,authors_or_owner,year,identifier_or_url,license_or_terms,use_in_project,redistributed,local_path,notes
R01,official,TACO Author Guidelines,ACM,current,https://dl.acm.org/journal/taco/author-guidelines,website terms,initial-paper length/layout/anonymity/supplement contract,no,,Checked 2026-09-19; recheck before external submission.
R02,official,ACM Submissions / Authoring,ACM,current,https://www.acm.org/publications/authors/submissions,website terms,ACM authoring template family,no,,Checked 2026-09-19.
R03,template,acmart v2.20 class and ACM bibliography style,ACM,2026,matched supplied TEMPLATE.zip,LPPL 1.3c; retained TEMPLATE-LICENSE,paper formatting,yes (paper only),paper/acmart.cls; paper/ACM-Reference-Format.bst; paper/TEMPLATE-LICENSE,Byte-identical to supplied template; not modified.
R04,official,LaTeX Best Practices,ACM,2024,https://www.acm.org/publications/taps/latex-best-practices,website terms,authoring and accessibility checks,no,,Checked 2026-09-19.
R05,official,Describing Figures for ACM Publications,ACM,2020,https://www.acm.org/publications/taps/describing-figures/,website terms,figure descriptions,no,,Checked 2026-09-19.
R06,official,ACM Policy on Authorship,ACM,updated 2026-05-14,https://www.acm.org/publications/policies/new-acm-policy-on-authorship,website terms,external-use authorship and AI accountability boundary,no,,Must be rechecked by accountable humans before external use.
S01,scholarly,Generalizations of the {Sethi--Ullman} Algorithm for Register Allocation,"Appel, Andrew W. and Supowit, Kenneth J.",1987,10.1002/spe.4380170607,publisher/archive terms,weighted/generalized expression-tree ordering,no,,Cited as appel1987; verification details in bibliography-verification.csv.
S02,scholarly,Dataflow-Specific Algorithms for Resource-Constrained Scheduling and Memory Design,"Bhattacharjee, Abhishek and Liu, Quanquan C. and Manohar, Rajit and Pothukuchi, Raghavendra Pradyumna and Ugur, Muhammed",2025,10.1145/3694906.3743342,publisher/archive terms,anchor WRBPG model and printed tree recurrence,no,,Cited as bhattacharjee2025; verification details in bibliography-verification.csv.
S03,scholarly,Training Deep Nets with Sublinear Memory Cost,"Chen, Tianqi and Xu, Bing and Zhang, Chiyuan and Guestrin, Carlos",2016,10.48550/arXiv.1604.06174,publisher/archive terms,checkpointing/rematerialization,no,,Cited as chen2016; verification details in bibliography-verification.csv.
S04,scholarly,Rigorous Floating-Point Mixed-Precision Tuning,"Chiang, Wei-Fan and Baranowski, Marek and Briggs, Ian and Solovyev, Alexey and Gopalakrishnan, Ganesh and Rakamari{\'c}, Zvonimir",2017,10.1145/3009837.3009846,publisher/archive terms,rigorous mixed-precision tuning,no,,Cited as chiang2017; verification details in bibliography-verification.csv.
S05,scholarly,Sound Mixed-Precision Optimization with Rewriting,"Darulova, Eva and Horn, Einar and Sharma, Saksham",2018,10.1109/ICCPS.2018.00028,publisher/archive terms,sound mixed-precision rewriting,no,,Cited as darulova2018; verification details in bibliography-verification.csv.
S06,scholarly,Red-Blue Pebble Game: Complexity of Computing the Trade-Off between Cache Size and Memory Transfers,"Demaine, Erik D. and Liu, Quanquan C.",2018,10.1145/3210377.3210387,publisher/archive terms,general red-blue complexity boundary,no,,Cited as demaine2018; verification details in bibliography-verification.csv.
S07,scholarly,A Decoupled Local Memory Allocator,"Diouf, Boubacar and Hanta\c{s}, Can and Cohen, Albert and {\""O}zturk, {\""O}zcan and Palsberg, Jens",2013,10.1145/2400682.2400693,publisher/archive terms,local-memory allocation/placement boundary,no,,Cited as diouf2013; verification details in bibliography-verification.csv.
S08,scholarly,{MemSZ}: Squeezing Memory Traffic with Lossy Compression,"Eldst\r{a}l-Ahrens, Albin and Sourdis, Ioannis",2020,10.1145/3424668,publisher/archive terms,lossy memory compression boundary,no,,Cited as eldstal2020; verification details in bibliography-verification.csv.
S09,scholarly,On Characterizing the Data Access Complexity of Programs,"Elango, Venmugil and Rastello, Fabrice and Pouchet, Louis-No{\""e}l and Ramanujam, J. and Sadayappan, P.",2015,10.1145/2676726.2677010,publisher/archive terms,program data-access lower bounds,no,,Cited as elango2015; verification details in bibliography-verification.csv.
S10,scholarly,Computers and Intractability: A Guide to the Theory of NP-Completeness,"Garey, Michael R. and Johnson, David S.",1979,978-0-7167-1045-5,publisher/archive terms,PARTITION and NP-completeness source,no,,Cited as garey1979; verification details in bibliography-verification.csv.
S11,scholarly,The Red-Blue Pebble Game on Trees and {DAG}s with Large Input,"Gleinig, Niels and Hoefler, Torsten",2022,10.1007/978-3-031-09993-9_8,publisher/archive terms,tree/DAG red-blue pebbling with large inputs,no,,Cited as gleinig2022; verification details in bibliography-verification.csv.
S12,scholarly,{I/O} Complexity: The Red-Blue Pebble Game,"Hong, Jia-Wei and Kung, H. T.",1981,10.1145/800076.802486,publisher/archive terms,foundational red-blue I/O model,no,,Cited as hong1981; verification details in bibliography-verification.csv.
S13,scholarly,Checkmate: Breaking the Memory Wall with Optimal Tensor Rematerialization,"Jain, Paras and Jain, Ajay and Nrusimha, Aniruddha and Gholami, Amir and Abbeel, Pieter and Gonzalez, Joseph E. and Keutzer, Kurt and Stoica, Ion",2020,https://proceedings.mlsys.org/paper_files/paper/2020/hash/0b816ae8f06f8dd3543dc3d9ef196cab-Abstract.html,publisher/archive terms,optimization-based tensor rematerialization,no,,Cited as jain2020; official 0b816ae8 MLSys record corrected and rechecked 2026-09-19.
S14,scholarly,New Tools for Peak Memory Scheduling,"Jin, Ce and Purohit, Manish and Svitkina, Zoya and Vee, Erik and Wang, Joshua R.",2023,10.48550/arXiv.2312.13526,publisher/archive terms,fixed-weight peak-memory scheduling,no,,Cited as jin2023; verification details in bibliography-verification.csv.
S15,scholarly,{CODA}: Enabling Co-location of Computation and Data for Multiple {GPU} Systems,"Kim, Hyojong and Hadidi, Ramyad and Nai, Lifeng and Kim, Hyesoon and Jayasena, Nuwan and Eckert, Yasuko and Kayiran, Onur and Loh, Gabriel",2018,10.1145/3232521,publisher/archive terms,GPU data placement/scheduling context,no,,Cited as kim2018; verification details in bibliography-verification.csv.
S16,scholarly,Dynamic Tensor Rematerialization,"Kirisame, Marisa and Lyubomirsky, Steven and Haan, Altan and Brennan, Jennifer and He, Mike and Roesch, Jared and Chen, Tianqi and Tatlock, Zachary",2021,https://openreview.net/forum?id=Vfs_2RnOD0H,publisher/archive terms,online tensor rematerialization,no,,Cited as kirisame2021; verification details in bibliography-verification.csv.
S17,scholarly,Efficient Rematerialization for Deep Networks,"Kumar, Ravi and Purohit, Manish and Svitkina, Zoya and Vee, Erik and Wang, Joshua R.",2019,10.5555/3454287.3455646,publisher/archive terms,deep-network rematerialization,no,,Cited as kumar2019; verification details in bibliography-verification.csv.
S18,scholarly,A Graph Theoretic Framework of Recomputation Algorithms for Memory-Efficient Backpropagation,"Kusumoto, Mitsuru and Inoue, Takuya and Watanabe, Gentaro and Akiba, Takuya and Koyama, Masanori",2019,https://proceedings.neurips.cc/paper/2019/hash/e555ebe0ce426f7f9b2bef0706315e0c-Abstract.html,publisher/archive terms,graph-theoretic recomputation,no,,Cited as kusumoto2019; verification details in bibliography-verification.csv.
S19,scholarly,Memory-Optimal Evaluation of Expression Trees Involving Large Objects,"Lam, Chi-Chung and Rauber, Thomas and Baumgartner, Gerald and Cociorva, Daniel and Sadayappan, P.",2011,10.1016/j.cl.2010.09.003,publisher/archive terms,large-object expression-tree evaluation,no,,Cited as lam2011; verification details in bibliography-verification.csv.
S20,scholarly,Compiler-Directed Scratchpad Memory Management via Graph Coloring,"Li, Lian and Feng, Hui and Xue, Jingling",2009,10.1145/1582710.1582711,publisher/archive terms,scratchpad allocation/placement,no,,Cited as li2009; verification details in bibliography-verification.csv.
S21,scholarly,An Application of Generalized Tree Pebbling to Sparse Matrix Factorization,"Liu, Joseph W. H.",1987,10.1137/0608031,publisher/archive terms,generalized tree pebbling in sparse factorization,no,,Cited as liu1987; verification details in bibliography-verification.csv.
S22,scholarly,Improved Bitwidth-Aware Variable Packing,"Nandivada, V. Krishna and Barik, Rajkishore",2013,10.1145/2509420.2509427,publisher/archive terms,bitwidth-aware allocation,no,,Cited as nandivada2013; verification details in bibliography-verification.csv.
S23,scholarly,On the Hardness of Red-Blue Pebble Games,"Papp, P{\'a}l Andr{\'a}s and Wattenhofer, Roger",2020,10.1145/3350755.3400278,publisher/archive terms,red-blue hardness,no,,Cited as papp2020; verification details in bibliography-verification.csv.
S24,scholarly,The Impact of Partial Computations on the Red-Blue Pebble Game,"Papp, P{\'a}l Andr{\'a}s and Sobczyk, Aleksandros and Yzelman, Albert-Jan N.",2025,10.1145/3694906.3743320,publisher/archive terms,partial-computation move boundary; May 2026 corrigendum,no,,Cited as papp2025; verification details in bibliography-verification.csv.
S25,scholarly,Precimonious: Tuning Assistant for Floating-Point Precision,"Rubio-Gonz{\'a}lez, Cindy and Nguyen, Cuong and Nguyen, Hong Diep and Demmel, James and Kahan, William and Sen, Koushik and Bailey, David H. and Iancu, Costin and Hough, David",2013,10.1145/2503210.2503296,publisher/archive terms,floating-point precision tuning,no,,Cited as rubio2013; verification details in bibliography-verification.csv.
S26,scholarly,The Generation of Optimal Code for Arithmetic Expressions,"Sethi, Ravi and Ullman, Jeffrey D.",1970,10.1145/321607.321620,publisher/archive terms,foundational expression-tree ordering,no,,Cited as sethi1970; verification details in bibliography-verification.csv.
S27,scholarly,{I/O} Complexity and Pebble Games with Partial Computations,"Sobczyk, Aleksandros",2026,10.1016/j.ipl.2026.106637,publisher/archive terms,partial-computation I/O complexity,no,,Cited as sobczyk2026; verification details in bibliography-verification.csv.
S28,scholarly,Bitwidth Analysis with Application to Silicon Compilation,"Stephenson, Mark and Babb, Jonathan and Amarasinghe, Saman",2000,10.1145/349299.349317,publisher/archive terms,bitwidth analysis,no,,Cited as stephenson2000; verification details in bibliography-verification.csv.
S29,scholarly,External Memory Algorithms and Data Structures: Dealing with Massive Data,"Vitter, Jeffrey Scott",2001,10.1145/384192.384193,publisher/archive terms,external-memory model context,no,,Cited as vitter2001; verification details in bibliography-verification.csv.
S30,scholarly,Improving Thread-Level Parallelism in {GPU}s Through Expanding Register File to Scratchpad Memory,"Yu, Chao and Bai, Yuebin and Sun, Qingxiao and Yang, Hailong",2018,10.1145/3280849,publisher/archive terms,GPU register/scratchpad mechanism context,no,,Cited as yu2018; verification details in bibliography-verification.csv.
S31,scholarly,Global Scheduling of Transient Parameter Materialization for Sharded Training,"Zhang, Zuoyan and Wang, Jinyi and Tang, Zhuo and Zhao, Jie",2026,10.1145/3838601,publisher/archive terms,closest current materialization/retention scheduling system,no,,Cited as zhang2026chorus; official TACO record (article 127) and author publication record checked 2026-09-19.
N01,current-neighbor screening,"Red-Blue Pebbling with Multiple Processors: Time, Communication and Memory Trade-offs",Böhnlein; Papp; Yzelman,2025,arXiv:2409.03898 / SIROCCO 2025,publisher/arXiv terms,screened for processor/model overlap,no,,Multiprocessor objective; not cited because it does not support a manuscript claim.
N02,current-neighbor screening,Revisiting Pebble Games for Modeling and Efficient Use of Disaggregated Memory Systems,Devulapally et al.,2025,MEMSYS 2025 position paper,publisher terms,screened for memory-systems overlap,no,,Position paper on disaggregated memory; not a closer typed in-tree theorem.
N03,current-neighbor screening,The blue pebbling cost and the space in tree-like and negative Resolution,Jaser; Torán,2026,arXiv:2608.06443,arXiv terms,screened for newest pebbling terminology,no,,Proof-complexity blue-cost objective; orthogonal to weighted I/O.
N04,current-neighbor screening,Memory-Safe Hierarchical Planning for Hybrid-Parallel Transformer Training,Zhang et al.,2026,10.1145/3842760,publisher terms,screened for current TACO memory-feasibility planning overlap,no,,Parallel-strategy admission and stage assignment; not a closer weighted-pebbling or representation-state theorem.
N05,current-neighbor screening,"DAN-Scheduler: Deterministic Three-Stage Co-Optimization of Scheduling, Memory Layout, and Pipeline Overlap for General-Purpose NPUs",Liu; Zheng,2026,arXiv:2607.17422,arXiv terms,screened for recent scheduling/memory-layout overlap,no,,Trace-derived NPU DAG heuristic/system evaluation; no exact typed-tree I/O theorem and not cited.
T01,software,Python standard library,Python Software Foundation,3.10+,https://www.python.org/,PSF License,artifact runtime,no,,Environmental dependency; no package installation.
T02,software,TeX / pdfTeX / BibTeX / TikZ / PGFPlots,TeX ecosystem,compatible current,https://www.tug.org/texlive/,component licenses,paper compilation,no,,Environmental dependency; no toolchain fingerprint claim.
