key,title,year,identifier,comparison_role,what_it_studies,material_difference,claim_not_made
bhattacharjee2025,Dataflow-Specific Algorithms for Resource-Constrained Scheduling and Memory Design,2025,10.1145/3694906.3743342,adjacent scheduling/complexity,background or boundary context,not a direct antecedent of the exact theorem; retained only for a specific cited role,no novelty claim is based on absence of this work
chen2016,Training Deep Nets with Sublinear Memory Cost,2016,10.48550/arXiv.1604.06174,adjacent scheduling/complexity,background or boundary context,not a direct antecedent of the exact theorem; retained only for a specific cited role,no novelty claim is based on absence of this work
chiang2017,Rigorous Floating-Point Mixed-Precision Tuning,2017,10.1145/3009837.3009846,representation/precision choice,choosing numeric formats or bit widths,the present model treats exact integer representation labels as allocation recipes and does not model numerical error,no numerical-accuracy or mixed-precision training result is claimed
darulova2018,Sound Mixed-Precision Optimization with Rewriting,2018,10.1109/ICCPS.2018.00028,representation/precision choice,choosing numeric formats or bit widths,the present model treats exact integer representation labels as allocation recipes and does not model numerical error,no numerical-accuracy or mixed-precision training result is claimed
demaine2018,Red-Blue Pebble Game: Complexity of Computing the Trade-Off between Cache Size and Memory Transfers,2018,10.1145/3210377.3210387,foundational I/O model,machine-independent transfer accounting and lower-bound language,the present result is an exact algorithm and counterexample for a restricted typed weighted in-tree model,no new general red-blue lower-bound framework is claimed
diouf2013,A Decoupled Local Memory Allocator,2013,10.1145/2400682.2400693,adjacent scheduling/complexity,background or boundary context,not a direct antecedent of the exact theorem; retained only for a specific cited role,no novelty claim is based on absence of this work
eldstal2020,{MemSZ}: Squeezing Memory Traffic with Lossy Compression,2020,10.1145/3424668,memory placement/compression,managing explicitly controlled memory or compressed values,different placement/codec/hardware objective; cited as a neighboring systems mechanism,no hardware deployment advantage is claimed
gleinig2022,The Red-Blue Pebble Game on Trees and {DAG}s with Large Input,2022,10.1007/978-3-031-09993-9_8,foundational I/O model,machine-independent transfer accounting and lower-bound language,the present result is an exact algorithm and counterexample for a restricted typed weighted in-tree model,no new general red-blue lower-bound framework is claimed
hong1981,{I/O} Complexity: The Red-Blue Pebble Game,1981,10.1145/800076.802486,foundational I/O model,machine-independent transfer accounting and lower-bound language,the present result is an exact algorithm and counterexample for a restricted typed weighted in-tree model,no new general red-blue lower-bound framework is claimed
jain2020,Checkmate: Breaking the Memory Wall with Optimal Tensor Rematerialization,2020,https://proceedings.mlsys.org/paper_files/paper/2020/hash/0b816ae8f06f8dd3543dc3d9ef196cab-Abstract.html,rematerialization/checkpointing,recomputation under memory limits on neural or general computation graphs,"different graph class, cost model, and objective; the present proof exploits unique consumption and weighted transfers",no empirical training-system superiority is claimed
jin2023,New Tools for Peak Memory Scheduling,2023,10.48550/arXiv.2312.13526,adjacent scheduling/complexity,background or boundary context,not a direct antecedent of the exact theorem; retained only for a specific cited role,no novelty claim is based on absence of this work
kirisame2021,Dynamic Tensor Rematerialization,2021,https://openreview.net/forum?id=Vfs_2RnOD0H,rematerialization/checkpointing,recomputation under memory limits on neural or general computation graphs,"different graph class, cost model, and objective; the present proof exploits unique consumption and weighted transfers",no empirical training-system superiority is claimed
kumar2019,Efficient Rematerialization for Deep Networks,2019,10.5555/3454287.3455646,rematerialization/checkpointing,recomputation under memory limits on neural or general computation graphs,"different graph class, cost model, and objective; the present proof exploits unique consumption and weighted transfers",no empirical training-system superiority is claimed
kusumoto2019,A Graph Theoretic Framework of Recomputation Algorithms for Memory-Efficient Backpropagation,2019,https://proceedings.neurips.cc/paper/2019/hash/e555ebe0ce426f7f9b2bef0706315e0c-Abstract.html,adjacent scheduling/complexity,background or boundary context,not a direct antecedent of the exact theorem; retained only for a specific cited role,no novelty claim is based on absence of this work
lam2011,Memory-Optimal Evaluation of Expression Trees Involving Large Objects,2011,10.1016/j.cl.2010.09.003,adjacent scheduling/complexity,background or boundary context,not a direct antecedent of the exact theorem; retained only for a specific cited role,no novelty claim is based on absence of this work
li2009,Compiler-Directed Scratchpad Memory Management via Graph Coloring,2009,10.1145/1582710.1582711,memory placement/compression,managing explicitly controlled memory or compressed values,different placement/codec/hardware objective; cited as a neighboring systems mechanism,no hardware deployment advantage is claimed
liu1987,An Application of Generalized Tree Pebbling to Sparse Matrix Factorization,1987,10.1137/0608031,adjacent scheduling/complexity,background or boundary context,not a direct antecedent of the exact theorem; retained only for a specific cited role,no novelty claim is based on absence of this work
nandivada2013,Improved Bitwidth-Aware Variable Packing,2013,10.1145/2509420.2509427,representation/precision choice,choosing numeric formats or bit widths,the present model treats exact integer representation labels as allocation recipes and does not model numerical error,no numerical-accuracy or mixed-precision training result is claimed
papp2020,On the Hardness of Red-Blue Pebble Games,2020,10.1145/3350755.3400278,foundational I/O model,machine-independent transfer accounting and lower-bound language,the present result is an exact algorithm and counterexample for a restricted typed weighted in-tree model,no new general red-blue lower-bound framework is claimed
papp2025,The Impact of Partial Computations on the Red-Blue Pebble Game,2025,10.1145/3694906.3743320,foundational I/O model,machine-independent transfer accounting and lower-bound language,the present result is an exact algorithm and counterexample for a restricted typed weighted in-tree model,no new general red-blue lower-bound framework is claimed
rubio2013,Precimonious: Tuning Assistant for Floating-Point Precision,2013,10.1145/2503210.2503296,representation/precision choice,choosing numeric formats or bit widths,the present model treats exact integer representation labels as allocation recipes and does not model numerical error,no numerical-accuracy or mixed-precision training result is claimed
sobczyk2026,{I/O} Complexity and Pebble Games with Partial Computations,2026,10.1016/j.ipl.2026.106637,partial-computation pebbling,complexity and schedules with partial computations,different operator semantics; used to delimit the hardness and model boundary,no subsumption or full complexity dichotomy is claimed
stephenson2000,Bitwidth Analysis with Application to Silicon Compilation,2000,10.1145/349299.349317,representation/precision choice,choosing numeric formats or bit widths,the present model treats exact integer representation labels as allocation recipes and does not model numerical error,no numerical-accuracy or mixed-precision training result is claimed
vitter2001,External Memory Algorithms and Data Structures: Dealing with Massive Data,2001,10.1145/384192.384193,adjacent scheduling/complexity,background or boundary context,not a direct antecedent of the exact theorem; retained only for a specific cited role,no novelty claim is based on absence of this work
yu2018,Improving Thread-Level Parallelism in {GPU}s Through Expanding Register File to Scratchpad Memory,2018,10.1145/3280849,memory placement/compression,managing explicitly controlled memory or compressed values,different placement/codec/hardware objective; cited as a neighboring systems mechanism,no hardware deployment advantage is claimed
zhang2026chorus,Global Scheduling of Transient Parameter Materialization for Sharded Training,2026,10.1145/3838601,distributed materialization,scheduling transient buffers and communication in sharded training,whole-iteration distributed graph/MIP/runtime setting rather than exact unique-consumer tree I/O,no distributed-runtime result is claimed
