id,area,reviewer_question,resolution,evidence,status
R01,scope,"Did the P2 repairs invalidate or broaden the theorem?","No. The manuscript retains the pure unique-consumer atomic non-overwriting allocation-contractive exact class and labels all expansive results separately.",paper/main.tex; proofs/core.md,closed-internal
R02,claim-validation,"Does changed-claimed-optimum exercise the real validation path?","The control changes 89 to 90 and passes the claim through claim_checker which compares event-recomputed and Bellman-recomputed costs.",tools/check_controls.py; src/claim_checker.py; results/controls.json,closed-internal
R03,valley-witness,"Is the positive 33/18 valley trace provenance accurate?","The fixed witness is frozen from deterministic oracle predecessor reconstruction and replayed directly for I/O 33 and peak 18.",instances/witnesses/expansive-valley-33.json; tools/check_controls.py; results/controls.json,closed-internal
R04,event-checker,"Is the event checker described too broadly?","Documentation and paper restrict it to normalized one-shot traces justified by the normalization lemmas.",src/event_checker.py; paper/main.tex; README.md,closed-internal
R05,bellman-checker,"Does the Bellman checker trust an external dependency order?","It recursively builds a fresh memo and compares the complete reachable key set and costs; no external order is trusted.",src/bellman_checker.py; paper/main.tex; README.md,closed-internal
R06,json-contract,"Is duplicate raw JSON-key rejection claimed without implementation?","No such capability is claimed; strict validation begins after ordinary JSON decoding.",README.md; paper/main.tex,closed-internal
R07,instrumentation,"Is audit_units presented as full work or a conservative bound?","It is defined as a partial sum of named retained counters and explicitly excludes parsing hashing serialization queue maintenance and other work.",src/pipeline.py; README.md; RESULTS.md; paper/main.tex,closed-internal
R08,timing,"What does the 2700-second cap measure?","It applies only to cumulative per-case body process CPU; invocation CPU and external elapsed/process-tree measurements are separately named and retained.",reproduce.py; results/reproduction.json; paper/main.tex,closed-internal
R09,replay-comparison,"Can empty missing self-compared or commonly incomplete campaigns pass?","Isolated fixtures reject all of these conditions before logical comparison.",tools/compare_replay.py; tests/test_campaign_integrity.py,closed-internal
R10,summary-identity,"Can a same-count substituted campaign pass summary generation?","Summary validation matches each record to the frozen index identity and digest rather than count alone.",tools/summarize.py; src/campaign.py; tests/test_campaign_integrity.py,closed-internal
R11,recovery-binding,"Can stale input or configuration state be resumed?","Records and manifests bind input digest index identity and evaluation configuration; mismatches are rejected.",src/campaign.py; reproduce.py; tests/test_campaign_integrity.py,closed-internal
R12,budget-state,"Can the last case cross a cap and later be reported complete?","Checks run at recovery submission candidate completion and final completion; an over-cap candidate is persisted incomplete and remains incomplete on empty resume.",reproduce.py; tests/test_campaign_integrity.py,closed-internal
R13,numeric-validation,"Are numeric fields silently truncated?","Strict validators reject floats and booleans before conversion; targeted tests cover fractional capacity allocation state labels work fields and exact legal rationals.",src/model.py; src/cost.py; tests/test_model.py; tests/test_campaign_integrity.py,closed-internal
R14,replay-counts,"Did the repaired implementation change scientific result counts?","Two clean 364-case runs match logically and retain 286 complete oracles 283 applicable agreements 361 certificates and integer feasibility 48/36.",results/reproduction.json; results/replay-comparison.json; results/summary/summary.json,closed-internal
R15,front-matter,"Were unassigned DOI volume issue article or date fields fabricated?","No. The official anonymous acmsmall review class is retained and no production metadata is assigned; visible class defaults are documented for submission-day recheck.",paper/main.tex; paper/SUBMISSION-CHECKLIST.md; CURRENT-STATE.md,bounded
R16,workspace,"Does the executable model hide operator workspace?","No separate workspace field exists. Front ends must lower temporaries to explicit values or include them conservatively in declared allocations.",paper/main.tex; proofs/core.md; README.md,closed-internal
R17,external-validation,"Is independent peer review mechanization or natural-workload benefit claimed?","No. Implementation separation finite checks nonmechanized proofs and the absence of integer-workload preparation gains are disclosed.",paper/main.tex; CURRENT-STATE.md; OVERFITTING-AUDIT.md,external
